キーワード,型番,商品名,元値段,販売値段,マーク,タグ,順位
デスクライト,sd-829,ブックライト3段階調光 調色 バッテリー付き,"￥1,680",https://takasyou.jp/rakuten/naritaka/sd-829.jpg,送料無料,,
デスクライト,sd-839h,LED デスクライト 電気スタンド 調色3段階,"￥2,100",https://takasyou.jp/rakuten/naritaka/sd-839h.jpg,送料無料,,
デスクライト,sb-830e,クリップライト リンク型,"￥1,699",https://takasyou.jp/rakuten/naritaka/sb-830e.jpg,送料無料,,
デスクライト,ldl-595,デスクライト LED 目に優しい,"￥1,980",https://takasyou.jp/rakuten/naritaka/ldl-595.jpg,送料無料,,
,,,,,,,
ワイヤレス充電付き,ldl-j455,デスクライト 学習机 LED 目に優しい,"￥3,490",https://takasyou.jp/rakuten/naritaka/LDL-J455.jpg,送料無料,,
ワイヤレス充電付き,ldl-j322,ワイヤレス充電対応 Qi対応 タッチパネル,"￥2,190",https://takasyou.jp/rakuten/naritaka/LDL-J322.jpg,送料無料,,
ワイヤレス充電付き,ldl-j525,デスクライト 可調節アーム,"￥2,490",https://takasyou.jp/rakuten/naritaka/LDL-J525.jpg,送料無料,,
ワイヤレス充電付き,ldl-j380,ワイヤレス充電対応 LED デスクライト Qi対応,"￥3,680",https://takasyou.jp/rakuten/naritaka/LDL-J380.jpg,送料無料,,
,,,,,送料無料,,
間接照明,hsd-n119,置き・目覚まし時計 ナイトライト,"￥2,490",https://takasyou.jp/rakuten/naritaka/hsd-n119.jpg,送料無料,,
間接照明,hsd-n79,人感センサー 付き LED ライト 自動点灯,"￥1,490",https://takasyou.jp/rakuten/naritaka/hsd-n79.jpg,送料無料,,
間接照明,hsd-n80,置き・目覚まし時計 ナイトライト,"￥2,490",https://takasyou.jp/rakuten/naritaka/hsd-n80.jpg,送料無料,,
間接照明,ldl-m15,月ライト 間接照明 テーブルランプ 直径15cm,"￥2,580",https://takasyou.jp/rakuten/naritaka/ldl-m15.jpg,送料無料,,
間接照明,ldl-m20,月ライト 間接照明 テーブルランプ 直径20cm,"￥2,980",https://takasyou.jp/rakuten/naritaka/ldl-m20.jpg,送料無料,,
間接照明,ldl-n125,カモメ 鴎 ナイトライト デスクライト,"￥1,990",https://takasyou.jp/rakuten/naritaka/ldl-n125.jpg,送料無料,,
,,,,,,,
,,,,,,,
,,,,,,,
,,,,,,,
,,,,,,,
,,,,,,,
,,,,,,,
,,,,,,,
,,,,,,,
,,,,,,,
,,,,,,,
,,,,,,,
,,,,,,,
,,,,,,,
,,,,,,,
,,,,,,,
,,,,,,,
,,,,,,,
,,,,,,,
,,,,,,,
,,,,,,,
,,,,,,,
,,,,,,,
,,,,,,,
,,,,,,,
,,,,,,,
,,,,,,,
,,,,,,,
,,,,,,,
,,,,,,,
,,,,,,,
,,,,,,,
,,,,,,,
,,,,,,,
,,,,,,,
,,,,,,,
,,,,,,,
,,,,,,,
,,,,,,,
,,,,,,,
,,,,,,,
,,,,,,,
,,,,,,,
,,,,,,,
,,,,,,,
,,,,,,,
,,,,,,,
,,,,,,,
,,,,,,,
,,,,,,,
,,,,,,,
,,,,,,,
,,,,,,,
,,,,,,,
,,,,,,,
,,,,,,,
,,,,,,1,
,,,,,,2,
,,,,,,3,
,,,,,,4,
,,,,,,5,
,,,,,,1,
,,,,,,2,
,,,,,,3,
,,,,,,4,
,,,,,,5,
,,,,,,1,
,,,,,,2,
,,,,,,3,
,,,,,,4,
,,,,,,5,
,,,,,,1,
,,,,,,2,
,,,,,,3,
,,,,,,4,
,,,,,,5,
,,,,,,1,
,,,,,,2,
,,,,,,3,
,,,,,,4,
,,,,,,5,
,,,,,,1,
,,,,,,2,
,,,,,,3,
,,,,,,4,
,,,,,,5,
,,,,,,1,
,,,,,,2,
,,,,,,3,
,,,,,,4,
,,,,,,5,
,,,,,,1,
,,,,,,2,
,,,,,,3,
,,,,,,4,
,,,,,,5,
,,,,,,,
,,,,,,,
,,,,,,,
,,,,,,,
,,,,,,,
,,,,,,,
,,,,,,,
,,,,,,,
,,,,,,,
,,,,,,,
,,,,,,,
,,,,,,,
,,,,,,,
,,,,,,,
,,,,,,,
,,,,,,,
,,,,,,,
,,,,,,,
,,,,,,,
,,,,,,,
,,,,,,,
,,,,,,,
,,,,,,,
,,,,,,,
,,,,,,,
,,,,,,,
,,,,,,,
,,,,,,,
,,,,,,,
,,,,,,,
,,,,,,,
,,,,,,,
,,,,,,,
,,,,,,,
,,,,,,,
,,,,,,,
,,,,,,,
,,,,,,,
,,,,,,,
,,,,,,,
,,,,,,,
,,,,,,,
,,,,,,,
,,,,,,,
,,,,,,,
,,,,,,,
,,,,,,,
,,,,,,,
,,,,,,,
,,,,,,,
,,,,,,,
,,,,,,,
,,,,,,,
,,,,,,,
,,,,,,,
,,,,,,,
,,,,,,,
,,,,,,,
,,,,,,,
,,,,,,,
,,,,,,,
,,,,,,,
,,,,,,,
,,,,,,,
,,,,,,,
,,,,,,,
,,,,,,,
,,,,,,,
,,,,,,,
,,,,,,,
,,,,,,,
,,,,,,,
,,,,,,,
,,,,,,,
,,,,,,,
,,,,,,,
,,,,,,,
,,,,,,,
,,,,,,,
,,,,,,,
,,,,,,,
,,,,,,,
,,,,,,,
,,,,,,,
,,,,,,,
,,,,,,,
,,,,,,,
,,,,,,,
,,,,,,,
,,,,,,,
,,,,,,,
,,,,,,,
,,,,,,,
,,,,,,,
,,,,,,,
,,,,,,,
,,,,,,,
,,,,,,,
,,,,,,,
,,,,,,,
,,,,,,,
,,,,,,,
,,,,,,,
,,,,,,,
,,,,,,,
,,,,,,,
,,,,,,,
,,,,,,,
,,,,,,,
,,,,,,,
,,,,,,,
,,,,,,,
,,,,,,,
,,,,,,,
,,,,,,,
,,,,,,,
,,,,,,,
,,,,,,,
,,,,,,,
,,,,,,,
,,,,,,,
,,,,,,,
,,,,,,,
,,,,,,,
,,,,,,,
,,,,,,,
,,,,,,,
,,,,,,,
,,,,,,,
,,,,,,,
,,,,,,,
,,,,,,,
,,,,,,,
,,,,,,,
,,,,,,,
,,,,,,,
,,,,,,,
,,,,,,,
,,,,,,,
,,,,,,,
,,,,,,,
,,,,,,,
,,,,,,,
,,,,,,,
,,,,,,,
,,,,,,,
,,,,,,,
,,,,,,,
,,,,,,,
,,,,,,,
,,,,,,,
,,,,,,,
,,,,,,,
,,,,,,,
,,,,,,,
,,,,,,,
,,,,,,,
,,,,,,,
,,,,,,,
,,,,,,,
,,,,,,,
,,,,,,,
,,,,,,,
,,,,,,,
,,,,,,,
,,,,,,,
,,,,,,,
,,,,,,,
,,,,,,,
,,,,,,,
,,,,,,,
,,,,,,,
,,,,,,,
,,,,,,,
,,,,,,,
,,,,,,,
,,,,,,1,
,,,,,,2,
,,,,,,3,
,,,,,,4,
,,,,,,5,
,,,,,,6,
,,,,,,,
,,,,,,1,
,,,,,,2,
,,,,,,3,
,,,,,,4,
,,,,,,5,
,,,,,,6,
,,,,,,,
,,,,,,1,
,,,,,,2,
,,,,,,3,
,,,,,,4,
,,,,,,5,
,,,,,,6,
,,,,,,,
,,,,,,1,
,,,,,,2,
,,,,,,3,
,,,,,,4,
,,,,,,5,
,,,,,,6,
,,,,,,,
,,,,,,1,
,,,,,,2,
,,,,,,3,
,,,,,,4,
,,,,,,5,
,,,,,,6,
,,,,,,,
,,,,,,1,
,,,,,,2,
,,,,,,3,
,,,,,,4,
,,,,,,5,
,,,,,,6,
,,,,,,,
,,,,,,1,
,,,,,,2,
,,,,,,3,
,,,,,,4,
,,,,,,5,
,,,,,,6,
,,,,,,,
,,,,,,,
,,,,,,,
,,,,,,,
,,,,,,,
,,,,,,,
,,,,,,,
,,,,,,,
,,,,,,,
,,,,,,,
,,,,,,,
,,,,,,1,
,,,,,,2,
,,,,,,3,
,,,,,,4,
,,,,,,5,
,,,,,,1,
,,,,,,2,
,,,,,,3,
,,,,,,4,
,,,,,,5,
,,,,,,1,
,,,,,,2,
,,,,,,3,
,,,,,,4,
,,,,,,5,
,,,,,,1,
,,,,,,2,
,,,,,,3,
,,,,,,4,
,,,,,,1,
,,,,,,2,
,,,,,,3,
,,,,,,4,
,,,,,,5,
,,,,,,1,
,,,,,,2,
,,,,,,3,
,,,,,,4,
,,,,,,5,
,,,,,,1,
,,,,,,2,
,,,,,,3,
,,,,,,4,
,,,,,,5,
,,,,,,1,
,,,,,,2,
,,,,,,3,
,,,,,,4,
,,,,,,5,
,,,,,,1,
,,,,,,2,
,,,,,,3,
,,,,,,4,
,,,,,,5,
,,,,,,1,
,,,,,,2,
,,,,,,3,
,,,,,,4,
,,,,,,5,
,,,,,,1,
,,,,,,2,
,,,,,,3,
,,,,,,4,
,,,,,,5,
,,,,,,1,
,,,,,,2,
,,,,,,3,
,,,,,,4,
,,,,,,5,
,,,,,,1,
,,,,,,2,
,,,,,,3,
,,,,,,4,
,,,,,,5,
,,,,,,1,
,,,,,,2,
,,,,,,3,
,,,,,,4,
,,,,,,5,
,,,,,,1,
,,,,,,2,
,,,,,,3,
,,,,,,4,
,,,,,,5,
,,,,,,,
,,,,,,,
,,,,,,,
,,,,,,,
,,,,,,,
,,,,,,,
,,,,,,,
,,,,,,,
,,,,,,,
,,,,,,,
,,,,,,,
,,,,,,,
,,,,,,,
,,,,,,,
,,,,,,,
,,,,,,,
,,,,,,,
,,,,,,,
,,,,,,,
,,,,,,,
,,,,,,,
,,,,,,,
,,,,,,,
,,,,,,,
,,,,,,,
,,,,,,,
,,,,,,,
,,,,,,,
,,,,,,,
,,,,,,,
,,,,,,,
,,,,,,,
,,,,,,,
,,,,,,,
,,,,,,,
,,,,,,,1th
,,,,,,,2nd
,,,,,,,3rd
,,,,,,,4th
,,,,,,,5th
,,,,,,,6th
,,,,,,,7th
,,,,,,,8th
,,,,,,,9th
,,,,,,,10th
,,,,,,,
,,,,,,1,
,,,,,,2,
,,,,,,3,
,,,,,,4,
,,,,,,5,
,,,,,,1,
,,,,,,2,
,,,,,,3,
,,,,,,4,
,,,,,,5,
,,,,,,1,
,,,,,,2,
,,,,,,3,
,,,,,,4,
,,,,,,5,
,,,,,,,
,,,,,,,
,,,,,,,
,,,,,,,
,,,,,,,
,,,,,,,
,,,,,,1,
,,,,,,2,
,,,,,,3,
,,,,,,4,
,,,,,,5,
,,,,,,1,
,,,,,,2,
,,,,,,3,
,,,,,,4,
,,,,,,5,
,,,,,,1,
,,,,,,2,
,,,,,,3,
,,,,,,4,
,,,,,,5,
,,,,,,1,
,,,,,,2,
,,,,,,3,
,,,,,,4,
,,,,,,5,
,,,,,,1,
,,,,,,2,
,,,,,,3,
,,,,,,4,
,,,,,,5,
,,,,,,1,
,,,,,,2,
,,,,,,3,
,,,,,,1,
,,,,,,2,
,,,,,,3,
,,,,,,1,
,,,,,,2,
,,,,,,3,
,,,,,,4,
,,,,,,5,
,,,,,,1,
,,,,,,2,
,,,,,,3,
,,,,,,1,
,,,,,,2,
,,,,,,3,
,,,,,,,
,,,,,,,
,,,,,,,
,,,,,,,
,,,,,,,
,,,,,,,
,,,,,,,
,,,,,,,
,,,,,,,
,,,,,,,
,,,,,,,
,,,,,,,
,,,,,,,
,,,,,,,
,,,,,,,
,,,,,,,
,,,,,,,
,,,,,,,
,,,,,,,
,,,,,,,
,,,,,,,
,,,,,,,
,,,,,,,
,,,,,,1,
,,,,,,2,
,,,,,,3,
,,,,,,4,
,,,,,,5,
,,,,,,6,
,,,,,,7,
,,,,,,8,
,,,,,,9,
,,,,,,10,
,,,,,,,
,,,,,,1,
,,,,,,2,
,,,,,,3,
,,,,,,4,
,,,,,,5,
,,,,,,6,
,,,,,,7,
,,,,,,8,
,,,,,,9,
,,,,,,10,
,,,,,,,
,,,,,,1,
,,,,,,2,
,,,,,,3,
,,,,,,4,
,,,,,,5,
,,,,,,,
,,,,,,1,
,,,,,,2,
,,,,,,3,
,,,,,,4,
,,,,,,5,
,,,,,,,
,,,,,,,
,,,,,,,
,,,,,,,
,,,,,,,
,,,,,,,
,,,,,,,
,,,,,,,
,,,,,,,
,,,,,,,
,,,,,,,
,,,,,,,
,,,,,,,
,,,,,,,
,,,,,,,
,,,,,,,
,,,,,,,
,,,,,,,
,,,,,,,
,,,,,,,
,,,,,,,
,,,,,,,
,,,,,,,
,,,,,,,
,,,,,,,
,,,,,,1,
,,,,,,2,
,,,,,,3,
,,,,,,4,
,,,,,,5,
,,,,,,1,
,,,,,,2,
,,,,,,3,
,,,,,,4,
,,,,,,5,
,,,,,,1,
,,,,,,2,
,,,,,,3,
,,,,,,4,
,,,,,,5,
,,,,,,,
,,,,,,,
,,,,,,,
,,,,,,,
,,,,,,,
,,,,,,,
,,,,,,,
,,,,,,,
,,,,,,,
,,,,,,,
,,,,,,,
,,,,,,,
,,,,,,,
,,,,,,,
,,,,,,,
,,,,,,,
,,,,,,,
,,,,,,,
,,,,,,,
,,,,,,,
,,,,,,,
,,,,,,1,
,,,,,,2,
,,,,,,3,
,,,,,,4,
,,,,,,5,
,,,,,,1,
,,,,,,2,
,,,,,,3,
,,,,,,4,
,,,,,,5,
,,,,,,,
,,,,,,,
,,,,,,,
,,,,,,,
,,,,,,,
,,,,,,,
,,,,,,,
,,,,,,1,
,,,,,,2,
,,,,,,3,
,,,,,,4,
,,,,,,5,
,,,,,,,
,,,,,,1,
,,,,,,2,
,,,,,,3,
,,,,,,4,
,,,,,,,
,,,,,,,
,,,,,,,
,,,,,,,
,,,,,,,
,,,,,,,
,,,,,,,
,,,,,,,
,,,,,,,
,,,,,,,
,,,,,,1,
,,,,,,2,
,,,,,,3,
,,,,,,4,
,,,,,,5,
,,,,,,1,
,,,,,,2,
,,,,,,3,
,,,,,,4,
,,,,,,5,
,,,,,,,
,,,,,,,
,,,,,,,
,,,,,,,
,,,,,,,
,,,,,,,
,,,,,,,
,,,,,,,
,,,,,,,
,,,,,,,
,,,,,,,
,,,,,,1,
,,,,,,2,
,,,,,,3,
,,,,,,,
,,,,,,1,
,,,,,,2,
,,,,,,3,
,,,,,,,
,,,,,,1,
,,,,,,2,
,,,,,,3,
,,,,,,,
,,,,,,,
,,,,,,,
,,,,,,,
,,,,,,,
,,,,,,,
,,,,,,,
,,,,,,,
,,,,,,,
,,,,,,,
,,,,,,,
,,,,,,,
,,,,,,,
,,,,,,,
,,,,,,,
,,,,,,,
,,,,,,,
,,,,,,,
,,,,,,,
,,,,,,,
,,,,,,,
,,,,,,,
,,,,,,,
,,,,,,,
,,,,,,,
,,,,,,,
,,,,,,,
,,,,,,,
,,,,,,,
,,,,,,,
,,,,,,,
,,,,,,,
,,,,,,,
,,,,,,,
,,,,,,,
,,,,,,,
,,,,,,,
,,,,,,,
,,,,,,,
,,,,,,,
,,,,,,,
,,,,,,,
,,,,,,,
,,,,,,,
,,,,,,,
,,,,,,,
,,,,,,,
,,,,,,,
,,,,,,,
,,,,,,,
,,,,,,,
,,,,,,,
,,,,,,,
,,,,,,,
,,,,,,,
,,,,,,,
,,,,,,,
,,,,,,,
,,,,,,,
,,,,,,,
,,,,,,,
,,,,,,,
,,,,,,,4980円
,,,,,,,5200円
,,,,,,,3980円
,,,,,,,4500円
,,,,,,,13900円
,,,,,,,9900円
,,,,,,,62800円
,,,,,,,42800円
,,,,,,,11800円
,,,,,,,2150円
,,,,,,,2650円
,,,,,,,3200円
,,,,,,,
,,,,,,,
,,,,,,,
,,,,,,,
,,,,,,,
,,,,,,,
,,,,,,,
,,,,,,,
,,,,,,,
,,,,,,,
,,,,,,,
,,,,,,,
,,,,,,,
,,,,,,,
,,,,,,1,
,,,,,,2,
,,,,,,3,
,,,,,,4,
,,,,,,5,
,,,,,,6,
,,,,,,7,
,,,,,,8,
,,,,,,9,
,,,,,,10,
,,,,,,1,
,,,,,,2,
,,,,,,3,
,,,,,,4,
,,,,,,5,
,,,,,,1,
,,,,,,2,
,,,,,,3,
,,,,,,1,
,,,,,,2,
,,,,,,3,
,,,,,,1,
,,,,,,2,
,,,,,,3,
,,,,,,1,
,,,,,,2,
,,,,,,3,
,,,,,,,
,,,,,,1,
,,,,,,2,
,,,,,,3,
,,,,,,4,
,,,,,,5,